{"cameraMode":{"drawMode":0,"name":"Shaded","section":"Shading Mode"},"sceneLighting":true,"audioPlay":false,"sceneViewState":{"m_AlwaysRefresh":false,"showFog":true,"showSkybox":true,"showFlares":true,"showImageEffects":true,"showParticleSystems":true,"showVisualEffectGraphs":true,"m_FxEnabled":true},"in2DMode":false,"pivot":{"x":-10.90080738067627,"y":-1.9699831008911133,"z":8.670530319213868},"rotation":{"x":-0.17486993968486787,"y":-0.020086659118533136,"z":0.003568233223631978,"w":-0.9843859076499939},"size":14.778216361999512,"orthographic":false}