{"cameraMode":{"drawMode":0,"name":"Shaded","section":"Shading Mode"},"sceneLighting":true,"audioPlay":false,"sceneViewState":{"m_AlwaysRefresh":false,"showFog":true,"showSkybox":true,"showFlares":true,"showImageEffects":true,"showParticleSystems":true,"showVisualEffectGraphs":true,"m_FxEnabled":true},"in2DMode":false,"pivot":{"x":-1.3999912738800049,"y":8.733148574829102,"z":-0.04131746292114258},"rotation":{"x":-0.08962294459342957,"y":-0.11121431738138199,"z":0.010071080178022385,"w":-0.9896979928016663},"size":8.339040756225586,"orthographic":false}